{
  "schemaVersion": 1,
  "nodeVersion": "v20.19.0",
  "architecture": "x64",
  "os": "linux 6.17.0-1020-azure",
  "githubActionsImageVersion": "20260714.240.1",
  "ops": 100000,
  "warmupRuns": 1,
  "samplesPerPath": 7,
  "timeoutPolicy": {
    "jobTimeoutMinutes": 15
  },
  "tolerance": 1.25,
  "timestamp": "2026-07-16T13:30:38.959Z",
  "parse": {
    "samplesMs": [959.2531799999997, 967.2462930000002, 968.8980320000001, 969.0082929999999, 969.4266260000004, 971.9292249999999, 981.5444759999996],
    "medianMs": 969.0082929999999,
    "minMs": 959.2531799999997,
    "maxMs": 981.5444759999996,
    "p95Ms": 981.5444759999996,
    "medianAbsoluteDeviationMs": 1.7619999999997162
  },
  "format": {
    "samplesMs": [4342.952988999998, 4343.248412000001, 4344.271531999999, 4353.942655000003, 4355.696918999998, 4356.137268999999, 4359.364113000003],
    "medianMs": 4353.942655000003,
    "minMs": 4342.952988999998,
    "maxMs": 4359.364113000003,
    "p95Ms": 4359.364113000003,
    "medianAbsoluteDeviationMs": 5.421458000000712
  },
  "add": {
    "samplesMs": [1133.2349759999997, 1133.691906, 1135.201208999999, 1136.3127660000027, 1142.4641989999946, 1144.385897, 1144.6938010000013],
    "medianMs": 1136.3127660000027,
    "minMs": 1133.2349759999997,
    "maxMs": 1144.6938010000013,
    "p95Ms": 1144.6938010000013,
    "medianAbsoluteDeviationMs": 3.077790000003006
  },
  "diff": {
    "samplesMs": [8825.0642, 8885.257822, 8919.914995, 8926.219243999993, 8944.349224999998, 8986.127737000003, 9134.635303000003],
    "medianMs": 8926.219243999993,
    "minMs": 8825.0642,
    "maxMs": 9134.635303000003,
    "p95Ms": 9134.635303000003,
    "medianAbsoluteDeviationMs": 40.961421999993036
  },
  "validate": {
    "samplesMs": [19832.650528, 19869.96787600001, 19887.618847000005, 19889.93925799997, 19913.16553300002, 19922.447216, 19946.47636500001],
    "medianMs": 19889.93925799997,
    "minMs": 19832.650528,
    "maxMs": 19946.47636500001,
    "p95Ms": 19946.47636500001,
    "medianAbsoluteDeviationMs": 23.226275000051828
  }
}
