{
  "schemaVersion": 1,
  "nodeVersion": "v24.12.0",
  "architecture": "x64",
  "os": "linux 6.17.0-1020-azure",
  "githubActionsImageVersion": "20260714.240.1",
  "ops": 100000,
  "warmupRuns": 1,
  "samplesPerPath": 7,
  "timeoutPolicy": {
    "jobTimeoutMinutes": 15
  },
  "tolerance": 1.25,
  "timestamp": "2026-07-16T15:17:47.125Z",
  "parse": {
    "samplesMs": [
      349.5581809999999,
      350.6303710000002,
      355.5502369999999,
      365.5991079999999,
      367.89828599999987,
      378.124819,
      396.15883399999984
    ],
    "medianMs": 365.5991079999999,
    "minMs": 349.5581809999999,
    "maxMs": 396.15883399999984,
    "p95Ms": 396.15883399999984,
    "medianAbsoluteDeviationMs": 12.525711000000115
  },
  "format": {
    "samplesMs": [
      4113.867715,
      4119.804694999999,
      4121.1130289999965,
      4122.365804,
      4129.552723000001,
      4135.779114000001,
      4142.595489000001
    ],
    "medianMs": 4122.365804,
    "minMs": 4113.867715,
    "maxMs": 4142.595489000001,
    "p95Ms": 4142.595489000001,
    "medianAbsoluteDeviationMs": 7.186919000000671
  },
  "add": {
    "samplesMs": [
      1022.779011999999,
      1027.79032,
      1034.5540079999992,
      1035.0283019999988,
      1035.6199510000006,
      1039.816617000004,
      1043.7433569999994
    ],
    "medianMs": 1035.0283019999988,
    "minMs": 1022.779011999999,
    "maxMs": 1043.7433569999994,
    "p95Ms": 1043.7433569999994,
    "medianAbsoluteDeviationMs": 4.788315000005241
  },
  "diff": {
    "samplesMs": [
      5913.496614999996,
      5932.306409000012,
      5934.423277999995,
      5938.514188000001,
      5945.4743670000025,
      5951.611086000004,
      5962.936841999995
    ],
    "medianMs": 5938.514188000001,
    "minMs": 5913.496614999996,
    "maxMs": 5962.936841999995,
    "p95Ms": 5962.936841999995,
    "medianAbsoluteDeviationMs": 6.960179000001517
  },
  "validate": {
    "samplesMs": [
      14747.807961000013,
      14753.218863999995,
      14770.702691999992,
      14792.710600999999,
      14794.611348000006,
      14826.567553999994,
      14840.935553000003
    ],
    "medianMs": 14792.710600999999,
    "minMs": 14747.807961000013,
    "maxMs": 14840.935553000003,
    "p95Ms": 14840.935553000003,
    "medianAbsoluteDeviationMs": 33.856952999994974
  }
}
